lsoa_id,lsoa_name,lad_name,population,income_avg,poverty_index,base_demand_kw,ec_count_SA,asset_total_mw_SA,active_SA,ec_count_SB,asset_total_mw_SB,active_SB,ec_count_SC,asset_total_mw_SC,active_SC,ec_count_SD,asset_total_mw_SD,active_SD
E01016710,E01016710,Milton Keynes,2106,49548,0.1124,301816.98922698776,20.0,12.8,True,0.0,0.0,False,20.0,12.8,True,20.0,12.8,True
E01016711,E01016711,Milton Keynes,2976,56282,0.0579,451918.5090556928,20.0,12.8,True,20.0,12.8,True,20.0,12.8,True,20.0,12.8,True
E01016713,E01016713,Milton Keynes,1824,56282,0.0789,350089.6425262622,20.0,12.8,True,20.0,12.8,True,20.0,12.8,True,20.0,12.8,True
E01016714,E01016714,Milton Keynes,2483,49548,0.1224,433427.9350344335,20.0,12.8,True,20.0,12.8,True,20.0,12.8,True,20.0,12.8,True
E01016715,E01016715,Milton Keynes,1740,56282,0.1091,258300.2531572356,20.0,12.8,True,20.0,12.8,True,20.0,12.8,True,20.0,12.8,True
E01016716,E01016716,Milton Keynes,2731,49548,0.1161,388248.04072972055,20.0,12.8,True,20.0,12.8,True,0.0,0.0,False,20.0,12.8,True
E01016717,E01016717,Milton Keynes,1676,50021,0.0828999999999999,230618.08792948577,0.0,0.0,False,0.0,0.0,False,0.0,0.0,False,0.0,0.0,False
E01016718,E01016718,Milton Keynes,2039,57046,0.1066,246372.59002420335,20.0,12.8,True,20.0,12.8,True,20.0,12.8,True,20.0,12.8,True
E01016719,E01016719,Milton Keynes,1420,60538,0.0644,234418.43465703528,0.0,0.0,False,0.0,0.0,False,0.0,0.0,False,0.0,0.0,False
E01016720,E01016720,Milton Keynes,1583,50021,0.0816,199229.40815118392,20.0,12.8,True,0.0,0.0,False,0.0,0.0,False,20.0,12.8,True
E01016721,E01016721,Milton Keynes,1911,50459,0.0913,257789.4062866482,20.0,12.8,True,20.0,12.8,True,20.0,12.8,True,20.0,12.8,True
E01016722,E01016722,Milton Keynes,1539,60538,0.0501,233775.7361323204,0.0,0.0,False,1.0,0.64,True,20.0,12.8,True,0.0,0.0,False
E01016723,E01016723,Milton Keynes,1566,50021,0.0444,234037.21635164792,0.0,0.0,False,20.0,12.8,True,20.0,12.8,True,20.0,12.8,True
E01016724,E01016724,Milton Keynes,1827,50021,0.0625,259730.85877124043,20.0,12.8,True,20.0,12.8,True,7.0,4.48,True,20.0,12.8,True
E01016725,E01016725,Milton Keynes,1685,45395,0.0677,269569.16680390283,20.0,12.8,True,0.0,0.0,False,0.0,0.0,False,0.0,0.0,False
E01016726,E01016726,Milton Keynes,1892,42459,0.1017,240153.71772151117,20.0,12.8,True,20.0,12.8,True,20.0,12.8,True,20.0,12.8,True
E01016727,E01016727,Milton Keynes,1884,45395,0.0652,221405.6892064025,20.0,12.8,True,20.0,12.8,True,20.0,12.8,True,20.0,12.8,True
E01016728,E01016728,Milton Keynes,2104,45395,0.0694,324560.5480369041,20.0,12.8,True,20.0,12.8,True,20.0,12.8,True,20.0,12.8,True
E01016729,E01016729,Milton Keynes,2455,57046,0.096,301272.52747024474,20.0,12.8,True,20.0,12.8,True,0.0,0.0,False,20.0,12.8,True
E01016731,E01016731,Milton Keynes,1558,66405,0.074,207714.1538419791,20.0,12.8,True,20.0,12.8,True,20.0,12.8,True,20.0,12.8,True
E01016732,E01016732,Milton Keynes,1380,66405,0.0617999999999999,215602.3530884298,0.0,0.0,False,0.0,0.0,False,0.0,0.0,False,0.0,0.0,False
E01016733,E01016733,Milton Keynes,1828,42459,0.1118,232393.4108909098,20.0,12.8,True,0.0,0.0,False,0.0,0.0,False,0.0,0.0,False
E01016734,E01016734,Milton Keynes,2338,69575,0.0817,455754.0990599342,20.0,12.8,True,20.0,12.8,True,20.0,16.999999999999996,True,20.0,12.8,True
E01016736,E01016736,Milton Keynes,1463,69575,0.096,252377.57934663264,0.0,0.0,False,20.0,12.8,True,20.0,12.8,True,0.0,0.0,False
E01016737,E01016737,Milton Keynes,1701,50143,0.0658,242153.72533310877,20.0,12.8,True,20.0,12.8,True,20.0,12.8,True,20.0,12.8,True
E01016738,E01016738,Milton Keynes,1998,50143,0.0935,251870.92447101837,20.0,12.8,True,20.0,12.8,True,20.0,12.8,True,20.0,12.8,True
E01016739,E01016739,Milton Keynes,1537,50143,0.0794,204528.1402362951,0.0,0.0,False,0.0,0.0,False,0.0,0.0,False,0.0,0.0,False
E01016740,E01016740,Milton Keynes,1511,50143,0.0848,225711.987105447,0.0,0.0,False,0.0,0.0,False,0.0,0.0,False,0.0,0.0,False
E01016741,E01016741,Milton Keynes,1518,50143,0.1061,193900.6350980612,20.0,12.8,True,0.0,0.0,False,0.0,0.0,False,0.0,0.0,False
E01016742,E01016742,Milton Keynes,1867,55692,0.1496,195371.56707026475,20.0,12.8,True,20.0,12.8,True,20.0,12.8,True,20.0,12.8,True
E01016744,E01016744,Milton Keynes,1751,55692,0.1309,204213.31794233597,20.0,12.8,True,0.0,0.0,False,0.0,0.0,False,20.0,12.8,True
E01016745,E01016745,Milton Keynes,1656,49548,0.0947,228502.23148252125,20.0,12.8,True,20.0,12.8,True,20.0,12.8,True,20.0,12.8,True
E01016746,E01016746,Milton Keynes,1810,55692,0.1231,283702.45969758206,20.0,12.8,True,20.0,12.8,True,20.0,12.8,True,20.0,12.8,True
E01016748,E01016748,Milton Keynes,2081,74870,0.0476999999999999,342096.91659617727,0.0,0.0,False,20.0,12.8,True,20.0,12.8,True,20.0,12.8,True
E01016750,E01016750,Milton Keynes,1576,74870,0.0436,246068.84137660003,0.0,0.0,False,0.0,0.0,False,0.0,0.0,False,0.0,0.0,False
E01016751,E01016751,Milton Keynes,1585,74870,0.049,234708.668196846,0.0,0.0,False,0.0,0.0,False,20.0,12.8,True,0.0,0.0,False
E01016752,E01016752,Milton Keynes,1672,82345,0.047,231347.74693589803,0.0,0.0,False,0.0,0.0,False,0.0,0.0,False,0.0,0.0,False
E01016753,E01016753,Milton Keynes,2249,82345,0.0495,351229.64159265696,0.0,0.0,False,20.0,12.8,True,0.0,0.0,False,0.0,0.0,False
E01016754,E01016754,Milton Keynes,1676,58540,0.0581,272058.0242090226,20.0,12.8,True,20.0,12.8,True,20.0,12.8,True,20.0,12.8,True
E01016755,E01016755,Milton Keynes,1838,82345,0.0549,309097.45878496376,0.0,0.0,False,0.0,0.0,False,0.0,0.0,False,0.0,0.0,False
E01016756,E01016756,Milton Keynes,2167,58540,0.0544,377975.99299161613,20.0,12.8,True,20.0,12.8,True,20.0,12.8,True,20.0,12.8,True
E01016757,E01016757,Milton Keynes,1510,58540,0.0487,201796.04316191343,0.0,0.0,False,0.0,0.0,False,0.0,0.0,False,0.0,0.0,False
E01016758,E01016758,Milton Keynes,1636,58540,0.0426,261462.02773473563,0.0,0.0,False,0.0,0.0,False,0.0,0.0,False,0.0,0.0,False
E01016759,E01016759,Milton Keynes,1871,65600,0.0929,380662.1651838961,0.0,0.0,False,20.0,12.8,True,0.0,0.0,False,0.0,0.0,False
E01016761,E01016761,Milton Keynes,1774,65600,0.1123,337602.5059834818,0.0,0.0,False,20.0,12.8,True,20.0,12.8,True,20.0,12.8,True
E01016762,E01016762,Milton Keynes,1349,57173,0.0779,206840.07579971087,20.0,12.8,True,0.0,0.0,False,0.0,0.0,False,0.0,0.0,False
E01016763,E01016763,Milton Keynes,1290,53891,0.048,213897.4218797566,0.0,0.0,False,20.0,12.8,True,20.0,12.8,True,20.0,12.8,True
E01016764,E01016764,Milton Keynes,1413,57173,0.0493,218991.357417596,0.0,0.0,False,20.0,12.8,True,20.0,12.8,True,20.0,12.8,True
E01016765,E01016765,Milton Keynes,1593,50459,0.0742,261316.3128409061,20.0,12.8,True,0.0,0.0,False,0.0,0.0,False,0.0,0.0,False
E01016766,E01016766,Milton Keynes,1370,57173,0.063,171913.51763230775,1.0,0.64,True,0.0,0.0,False,20.0,12.8,True,1.0,0.64,True
E01016767,E01016767,Milton Keynes,1275,57173,0.0353,213073.25084462416,0.0,0.0,False,0.0,0.0,False,0.0,0.0,False,0.0,0.0,False
E01016768,E01016768,Milton Keynes,2799,57046,0.055,572020.2829272402,0.0,0.0,False,0.0,0.0,False,0.0,0.0,False,0.0,0.0,False
E01016769,E01016769,Milton Keynes,1308,53891,0.0407,247439.92920440657,0.0,0.0,False,0.0,0.0,False,0.0,0.0,False,0.0,0.0,False
E01016770,E01016770,Milton Keynes,1501,53891,0.0444,226186.09119632203,0.0,0.0,False,0.0,0.0,False,0.0,0.0,False,0.0,0.0,False
E01016771,E01016771,Milton Keynes,1419,57173,0.0765,171632.6042480725,0.0,0.0,False,0.0,0.0,False,0.0,0.0,False,0.0,0.0,False
E01016772,E01016772,Milton Keynes,1420,50459,0.069,175914.7139643686,0.0,0.0,False,0.0,0.0,False,0.0,0.0,False,0.0,0.0,False
E01016773,E01016773,Milton Keynes,1934,53891,0.0365,269798.09400217084,0.0,0.0,False,0.0,0.0,False,0.0,0.0,False,0.0,0.0,False
E01016774,E01016774,Milton Keynes,1781,70064,0.048,343287.7816484519,0.0,0.0,False,0.0,0.0,False,0.0,0.0,False,0.0,0.0,False
E01016775,E01016775,Milton Keynes,1739,70064,0.0644,297268.3252881952,0.0,0.0,False,0.0,0.0,False,0.0,0.0,False,0.0,0.0,False
E01016776,E01016776,Milton Keynes,1483,63704,0.0368,196456.65689110957,0.0,0.0,False,0.0,0.0,False,0.0,0.0,False,0.0,0.0,False
E01016777,E01016777,Milton Keynes,1625,70064,0.0504,204936.32184731885,0.0,0.0,False,0.0,0.0,False,0.0,0.0,False,0.0,0.0,False
E01016778,E01016778,Milton Keynes,1629,70064,0.0557,253593.64004042215,0.0,0.0,False,0.0,0.0,False,0.0,0.0,False,0.0,0.0,False
E01016780,E01016780,Milton Keynes,1852,77951,0.049,269438.2430072113,0.0,0.0,False,0.0,0.0,False,0.0,0.0,False,0.0,0.0,False
E01016781,E01016781,Milton Keynes,1345,77951,0.0324,307964.4362227711,0.0,0.0,False,0.0,0.0,False,0.0,0.0,False,0.0,0.0,False
E01016783,E01016783,Milton Keynes,1979,66412,0.0516999999999999,235925.1128702249,0.0,0.0,False,0.0,0.0,False,0.0,0.0,False,0.0,0.0,False
E01016784,E01016784,Milton Keynes,1817,66405,0.0833,327926.07227462076,0.0,0.0,False,0.0,0.0,False,0.0,0.0,False,0.0,0.0,False
E01016786,E01016786,Milton Keynes,1519,58655,0.089,234497.38857137505,0.0,0.0,False,0.0,0.0,False,0.0,0.0,False,0.0,0.0,False
E01016787,E01016787,Milton Keynes,1752,58655,0.091,247752.39086383712,0.0,0.0,False,0.0,0.0,False,0.0,0.0,False,0.0,0.0,False
E01016788,E01016788,Milton Keynes,1571,58655,0.0538,244936.3828960502,0.0,0.0,False,0.0,0.0,False,0.0,0.0,False,0.0,0.0,False
E01016789,E01016789,Milton Keynes,1236,58655,0.0512,204244.80083277175,0.0,0.0,False,0.0,0.0,False,0.0,0.0,False,0.0,0.0,False
E01016790,E01016790,Milton Keynes,1443,58655,0.0657,242153.0227268758,0.0,0.0,False,0.0,0.0,False,0.0,0.0,False,0.0,0.0,False
E01016791,E01016791,Milton Keynes,1420,64725,0.0473,252549.4690951169,0.0,0.0,False,0.0,0.0,False,0.0,0.0,False,0.0,0.0,False
E01016792,E01016792,Milton Keynes,1246,64725,0.0409,187722.91474598905,0.0,0.0,False,0.0,0.0,False,0.0,0.0,False,0.0,0.0,False
E01016793,E01016793,Milton Keynes,2140,64725,0.0675,292050.8916148913,0.0,0.0,False,0.0,0.0,False,0.0,0.0,False,0.0,0.0,False
E01016794,E01016794,Milton Keynes,1710,64725,0.0868999999999999,332431.0706327815,0.0,0.0,False,0.0,0.0,False,0.0,0.0,False,0.0,0.0,False
E01016795,E01016795,Milton Keynes,1529,64725,0.0988,244726.62337437936,0.0,0.0,False,0.0,0.0,False,0.0,0.0,False,0.0,0.0,False
E01016796,E01016796,Milton Keynes,1730,70722,0.1079,288867.1469727029,0.0,0.0,False,0.0,0.0,False,0.0,0.0,False,0.0,0.0,False
E01016797,E01016797,Milton Keynes,1768,70722,0.1008,401991.1255751429,0.0,0.0,False,0.0,0.0,False,0.0,0.0,False,0.0,0.0,False
E01016798,E01016798,Milton Keynes,1964,70722,0.0486,349978.8214680486,0.0,0.0,False,0.0,0.0,False,0.0,0.0,False,0.0,0.0,False
E01016799,E01016799,Milton Keynes,2387,70722,0.0926999999999999,520472.087512164,0.0,0.0,False,0.0,0.0,False,0.0,0.0,False,0.0,0.0,False
E01016800,E01016800,Milton Keynes,1996,70722,0.1258,417705.9552523893,0.0,0.0,False,0.0,0.0,False,0.0,0.0,False,0.0,0.0,False
E01016801,E01016801,Milton Keynes,1336,65600,0.1374,296442.56767347833,0.0,0.0,False,0.0,0.0,False,0.0,0.0,False,0.0,0.0,False
E01016802,E01016802,Milton Keynes,1444,65600,0.115,455587.0129120193,0.0,0.0,False,0.0,0.0,False,0.0,0.0,False,0.0,0.0,False
E01016803,E01016803,Milton Keynes,1395,65600,0.1314,452778.6585354444,0.0,0.0,False,0.0,0.0,False,0.0,0.0,False,0.0,0.0,False
E01016804,E01016804,Milton Keynes,2009,50459,0.0888,391093.4924507821,0.0,0.0,False,0.0,0.0,False,0.0,0.0,False,0.0,0.0,False
E01016805,E01016805,Milton Keynes,1289,60538,0.0389,205152.04759333987,0.0,0.0,False,0.0,0.0,False,0.0,0.0,False,0.0,0.0,False
E01016806,E01016806,Milton Keynes,1982,49056,0.1301,256972.3835778623,0.0,0.0,False,0.0,0.0,False,0.0,0.0,False,0.0,0.0,False
E01016807,E01016807,Milton Keynes,1860,49056,0.1018,243329.41579022876,0.0,0.0,False,0.0,0.0,False,0.0,0.0,False,0.0,0.0,False
E01016808,E01016808,Milton Keynes,1411,60538,0.0642,197276.0382663372,0.0,0.0,False,0.0,0.0,False,0.0,0.0,False,0.0,0.0,False
E01016809,E01016809,Milton Keynes,1363,49056,0.0933,192891.28916086516,0.0,0.0,False,0.0,0.0,False,0.0,0.0,False,0.0,0.0,False
E01016810,E01016810,Milton Keynes,1501,45500,0.1057,184259.62794433208,0.0,0.0,False,0.0,0.0,False,0.0,0.0,False,0.0,0.0,False
E01016811,E01016811,Milton Keynes,1515,45500,0.1518,189349.80953102777,0.0,0.0,False,0.0,0.0,False,0.0,0.0,False,0.0,0.0,False
E01016812,E01016812,Milton Keynes,1553,59138,0.0808,226454.4686322581,0.0,0.0,False,0.0,0.0,False,0.0,0.0,False,0.0,0.0,False
E01016813,E01016813,Milton Keynes,1388,63704,0.0596999999999999,390561.44942236174,0.0,0.0,False,0.0,0.0,False,0.0,0.0,False,0.0,0.0,False
E01016815,E01016815,Milton Keynes,1289,63704,0.046,161364.5914739128,0.0,0.0,False,0.0,0.0,False,0.0,0.0,False,0.0,0.0,False
E01016816,E01016816,Milton Keynes,1587,63704,0.0378,245328.09800758553,0.0,0.0,False,0.0,0.0,False,0.0,0.0,False,0.0,0.0,False
E01016817,E01016817,Milton Keynes,1494,59138,0.1141,210205.75397671983,0.0,0.0,False,0.0,0.0,False,0.0,0.0,False,0.0,0.0,False
E01016818,E01016818,Milton Keynes,1827,59138,0.1042,362025.24301781575,0.0,0.0,False,0.0,0.0,False,0.0,0.0,False,0.0,0.0,False
E01016819,E01016819,Milton Keynes,1329,45500,0.1408,148253.4077638047,0.0,0.0,False,0.0,0.0,False,0.0,0.0,False,0.0,0.0,False
E01016820,E01016820,Milton Keynes,1936,66412,0.0455999999999999,359320.90688549535,0.0,0.0,False,0.0,0.0,False,0.0,0.0,False,0.0,0.0,False
E01016821,E01016821,Milton Keynes,1580,66412,0.0467999999999999,192156.61526623744,0.0,0.0,False,0.0,0.0,False,0.0,0.0,False,0.0,0.0,False
E01016822,E01016822,Milton Keynes,1826,65264,0.0556,343620.9038082942,0.0,0.0,False,0.0,0.0,False,0.0,0.0,False,0.0,0.0,False
E01016823,E01016823,Milton Keynes,1709,66412,0.0624,379474.03489657387,0.0,0.0,False,0.0,0.0,False,0.0,0.0,False,0.0,0.0,False
E01016824,E01016824,Milton Keynes,1578,65264,0.045,300284.9831405795,0.0,0.0,False,0.0,0.0,False,0.0,0.0,False,0.0,0.0,False
E01016825,E01016825,Milton Keynes,1459,65264,0.0579,273946.85609015124,0.0,0.0,False,0.0,0.0,False,0.0,0.0,False,0.0,0.0,False
E01016826,E01016826,Milton Keynes,1317,69575,0.0355,246455.0628471442,0.0,0.0,False,0.0,0.0,False,0.0,0.0,False,0.0,0.0,False
E01016827,E01016827,Milton Keynes,1679,65264,0.0434,241797.5543272952,0.0,0.0,False,0.0,0.0,False,0.0,0.0,False,0.0,0.0,False
E01016828,E01016828,Milton Keynes,1667,65264,0.0385999999999999,275414.91095453745,0.0,0.0,False,0.0,0.0,False,0.0,0.0,False,0.0,0.0,False
E01016829,E01016829,Milton Keynes,1609,56546,0.1036,211202.9633605307,0.0,0.0,False,0.0,0.0,False,0.0,0.0,False,0.0,0.0,False
E01016830,E01016830,Milton Keynes,1215,56282,0.0399,177206.64851598174,0.0,0.0,False,0.0,0.0,False,0.0,0.0,False,0.0,0.0,False
E01016831,E01016831,Milton Keynes,1506,56546,0.0785,245139.7389493973,0.0,0.0,False,0.0,0.0,False,0.0,0.0,False,0.0,0.0,False
E01016832,E01016832,Milton Keynes,1267,56546,0.0901,172988.43523903974,0.0,0.0,False,0.0,0.0,False,0.0,0.0,False,0.0,0.0,False
E01016833,E01016833,Milton Keynes,1235,56546,0.0511,240755.30186952613,0.0,0.0,False,0.0,0.0,False,0.0,0.0,False,0.0,0.0,False
E01016834,E01016834,Milton Keynes,1674,56546,0.1047,230148.59508383847,0.0,0.0,False,0.0,0.0,False,0.0,0.0,False,0.0,0.0,False
E01016835,E01016835,Milton Keynes,1834,49056,0.1124,281996.21152281854,0.0,0.0,False,0.0,0.0,False,0.0,0.0,False,0.0,0.0,False
E01016836,E01016836,Milton Keynes,1756,56643,0.1246,222473.22019986509,0.0,0.0,False,0.0,0.0,False,0.0,0.0,False,0.0,0.0,False
E01016837,E01016837,Milton Keynes,1890,56643,0.1341,273569.57458579727,0.0,0.0,False,0.0,0.0,False,0.0,0.0,False,0.0,0.0,False
E01016838,E01016838,Milton Keynes,1633,56643,0.1332,230888.96696671416,0.0,0.0,False,0.0,0.0,False,0.0,0.0,False,0.0,0.0,False
E01016839,E01016839,Milton Keynes,1935,45500,0.1153,238951.20048905845,0.0,0.0,False,0.0,0.0,False,0.0,0.0,False,0.0,0.0,False
E01016841,E01016841,Milton Keynes,2613,56643,0.099,371727.42920191144,0.0,0.0,False,0.0,0.0,False,0.0,0.0,False,0.0,0.0,False
E01016842,E01016842,Milton Keynes,1550,46118,0.1551,194672.57126718565,0.0,0.0,False,0.0,0.0,False,0.0,0.0,False,0.0,0.0,False
E01016843,E01016843,Milton Keynes,1690,46118,0.1515,217128.4875009357,0.0,0.0,False,0.0,0.0,False,0.0,0.0,False,0.0,0.0,False
E01016844,E01016844,Milton Keynes,1716,46118,0.1614,277347.8690944931,0.0,0.0,False,0.0,0.0,False,0.0,0.0,False,0.0,0.0,False
E01016845,E01016845,Milton Keynes,1811,42459,0.1351,257509.08201649337,0.0,0.0,False,0.0,0.0,False,0.0,0.0,False,0.0,0.0,False
E01016846,E01016846,Milton Keynes,1703,42459,0.1015,188343.08258352647,0.0,0.0,False,0.0,0.0,False,0.0,0.0,False,0.0,0.0,False
E01016847,E01016847,Milton Keynes,2233,45395,0.1009999999999999,289194.2321580958,0.0,0.0,False,0.0,0.0,False,0.0,0.0,False,0.0,0.0,False
E01016848,E01016848,Milton Keynes,1660,42459,0.1001,216377.14663772227,0.0,0.0,False,0.0,0.0,False,0.0,0.0,False,0.0,0.0,False
E01033497,E01033497,Milton Keynes,2163,46118,0.0545,464791.80164495856,0.0,0.0,False,0.0,0.0,False,0.0,0.0,False,0.0,0.0,False
E01033498,E01033498,Milton Keynes,2006,46118,0.075,281137.95121765573,0.0,0.0,False,0.0,0.0,False,0.0,0.0,False,0.0,0.0,False
E01033499,E01033499,Milton Keynes,2633,57046,0.0528,466448.8603307383,0.0,0.0,False,0.0,0.0,False,0.0,0.0,False,0.0,0.0,False
E01033500,E01033500,Milton Keynes,2521,57046,0.0395,643643.9990817674,0.0,0.0,False,0.0,0.0,False,0.0,0.0,False,0.0,0.0,False
E01033501,E01033501,Milton Keynes,2245,66405,0.0407,270110.62974960683,0.0,0.0,False,0.0,0.0,False,0.0,0.0,False,0.0,0.0,False
E01033503,E01033503,Milton Keynes,2682,82648,0.0458,399101.09815854474,0.0,0.0,False,0.0,0.0,False,0.0,0.0,False,0.0,0.0,False
E01033506,E01033506,Milton Keynes,2191,66405,0.0392,319196.66940951167,0.0,0.0,False,0.0,0.0,False,0.0,0.0,False,0.0,0.0,False
E01033508,E01033508,Milton Keynes,2875,83825,0.0352,349552.6837213365,0.0,0.0,False,0.0,0.0,False,0.0,0.0,False,0.0,0.0,False
E01033511,E01033511,Milton Keynes,1953,82648,0.0453,209162.2235777376,0.0,0.0,False,0.0,0.0,False,0.0,0.0,False,0.0,0.0,False
E01033514,E01033514,Milton Keynes,1740,82345,0.034,259186.3069229235,0.0,0.0,False,0.0,0.0,False,0.0,0.0,False,0.0,0.0,False
E01033515,E01033515,Milton Keynes,1964,82345,0.0385,307375.1694693966,0.0,0.0,False,0.0,0.0,False,0.0,0.0,False,0.0,0.0,False
E01033517,E01033517,Milton Keynes,1537,82345,0.0391,246243.99271215408,0.0,0.0,False,0.0,0.0,False,0.0,0.0,False,0.0,0.0,False
E01033519,E01033519,Milton Keynes,4215,74870,0.0361,608977.299008783,0.0,0.0,False,0.0,0.0,False,0.0,0.0,False,0.0,0.0,False
E01033520,E01033520,Milton Keynes,1823,74870,0.0384,262587.9446615266,0.0,0.0,False,0.0,0.0,False,0.0,0.0,False,0.0,0.0,False
E01033522,E01033522,Milton Keynes,2153,74657,0.0455,292932.7798282058,0.0,0.0,False,0.0,0.0,False,0.0,0.0,False,0.0,0.0,False
E01033523,E01033523,Milton Keynes,1478,74657,0.0414,201520.1287814708,0.0,0.0,False,0.0,0.0,False,0.0,0.0,False,0.0,0.0,False
E01034446,E01034446,Milton Keynes,1653,65600,0.0434,274677.6495976498,0.0,0.0,False,0.0,0.0,False,0.0,0.0,False,0.0,0.0,False
E01034447,E01034447,Milton Keynes,1255,65600,0.0975,247177.0536086782,0.0,0.0,False,0.0,0.0,False,0.0,0.0,False,0.0,0.0,False
E01034448,E01034448,Milton Keynes,1703,65600,0.0327,202912.30625732968,0.0,0.0,False,0.0,0.0,False,0.0,0.0,False,0.0,0.0,False
E01034449,E01034449,Milton Keynes,2363,59138,0.0554,362156.5404458916,0.0,0.0,False,0.0,0.0,False,0.0,0.0,False,0.0,0.0,False
E01034450,E01034450,Milton Keynes,1710,59138,0.0438,223275.0095285324,0.0,0.0,False,0.0,0.0,False,0.0,0.0,False,0.0,0.0,False
E01034451,E01034451,Milton Keynes,6816,69575,0.048,1059228.9961280786,0.0,0.0,False,0.0,0.0,False,0.0,0.0,False,0.0,0.0,False
E01034452,E01034452,Milton Keynes,2389,69575,0.0552,356274.2767884323,0.0,0.0,False,0.0,0.0,False,0.0,0.0,False,0.0,0.0,False
E01034453,E01034453,Milton Keynes,2549,55692,0.0285,327450.0997080617,0.0,0.0,False,0.0,0.0,False,0.0,0.0,False,0.0,0.0,False
E01034454,E01034454,Milton Keynes,1897,55692,0.1447,232482.9464561967,0.0,0.0,False,0.0,0.0,False,0.0,0.0,False,0.0,0.0,False
E01034455,E01034455,Milton Keynes,2239,55692,0.0286,238799.08713289417,0.0,0.0,False,0.0,0.0,False,0.0,0.0,False,0.0,0.0,False
E01034456,E01034456,Milton Keynes,1923,82648,0.0385,288310.5852153356,0.0,0.0,False,0.0,0.0,False,0.0,0.0,False,0.0,0.0,False
E01034457,E01034457,Milton Keynes,2334,82648,0.0424,428994.4091118343,0.0,0.0,False,0.0,0.0,False,0.0,0.0,False,0.0,0.0,False
E01034458,E01034458,Milton Keynes,2683,83825,0.0264,288529.62592072744,0.0,0.0,False,0.0,0.0,False,0.0,0.0,False,0.0,0.0,False
E01034459,E01034459,Milton Keynes,2045,83825,0.0313,258585.95050278216,0.0,0.0,False,0.0,0.0,False,0.0,0.0,False,0.0,0.0,False
E01034460,E01034460,Milton Keynes,2301,83825,0.0285,279149.22480225575,0.0,0.0,False,0.0,0.0,False,0.0,0.0,False,0.0,0.0,False
E01034461,E01034461,Milton Keynes,1855,83825,0.0415,184152.52804913023,0.0,0.0,False,0.0,0.0,False,0.0,0.0,False,0.0,0.0,False
E01034462,E01034462,Milton Keynes,1354,74657,0.0798,257402.2169442572,0.0,0.0,False,0.0,0.0,False,0.0,0.0,False,0.0,0.0,False
E01034463,E01034463,Milton Keynes,2422,74657,0.0334,317406.2847662002,0.0,0.0,False,0.0,0.0,False,0.0,0.0,False,0.0,0.0,False
E01034464,E01034464,Milton Keynes,2108,74657,0.0443,450910.811717845,0.0,0.0,False,0.0,0.0,False,0.0,0.0,False,0.0,0.0,False
E01034465,E01034465,Milton Keynes,1963,74657,0.0356999999999999,214876.66348903344,0.0,0.0,False,0.0,0.0,False,0.0,0.0,False,0.0,0.0,False
E01034466,E01034466,Milton Keynes,3684,77951,0.0308,435664.0144047708,0.0,0.0,False,0.0,0.0,False,0.0,0.0,False,0.0,0.0,False
E01034467,E01034467,Milton Keynes,2168,77951,0.0479,304563.5973981338,0.0,0.0,False,0.0,0.0,False,0.0,0.0,False,0.0,0.0,False
E01034468,E01034468,Milton Keynes,1114,77951,0.0361,66482.13752713524,0.0,0.0,False,0.0,0.0,False,0.0,0.0,False,0.0,0.0,False
