lsoa_id,lsoa_name,population_effective,fuel_poverty_rate_effective,deprivation_score,income_effective,base_demand_kw,asset_total_mw,ec_count,active,fuel_poor_households_proxy
E01016710,E01016710,2106,0.1124,24.61,49548,301816.98922698776,12.8,20.0,True,236.7144
E01016711,E01016711,2976,0.0579,10.548,56282,451918.5090556928,12.8,20.0,True,172.3104
E01016713,E01016713,1824,0.0789,10.087,56282,350089.6425262622,12.8,20.0,True,143.9136
E01016714,E01016714,2483,0.1224,28.858,49548,433427.9350344335,12.8,20.0,True,303.9192
E01016715,E01016715,1740,0.1091,24.24,56282,258300.2531572356,12.8,20.0,True,189.834
E01016716,E01016716,2731,0.1161,24.271,49548,388248.04072972055,12.8,20.0,True,317.0691
E01016717,E01016717,1676,0.0828999999999999,22.771,50021,230618.08792948577,0.0,0.0,False,138.94039999999984
E01016718,E01016718,2039,0.1066,35.244,57046,246372.59002420335,12.8,20.0,True,217.3574
E01016719,E01016719,1420,0.0644,16.626,60538,234418.43465703528,0.0,0.0,False,91.448
E01016720,E01016720,1583,0.0816,30.695,50021,199229.40815118392,12.8,20.0,True,129.1728
E01016721,E01016721,1911,0.0913,21.253,50459,257789.4062866482,12.8,20.0,True,174.4743
E01016722,E01016722,1539,0.0501,10.934,60538,233775.7361323204,0.0,0.0,False,77.1039
E01016723,E01016723,1566,0.0444,9.778,50021,234037.21635164792,12.8,20.0,True,69.5304
E01016724,E01016724,1827,0.0625,22.347,50021,259730.85877124043,12.8,20.0,True,114.1875
E01016725,E01016725,1685,0.0677,26.735,45395,269569.16680390283,0.0,0.0,False,114.0745
E01016726,E01016726,1892,0.1017,32.787,42459,240153.71772151117,12.8,20.0,True,192.4164
E01016727,E01016727,1884,0.0652,23.639,45395,221405.6892064025,12.8,20.0,True,122.83679999999998
E01016728,E01016728,2104,0.0694,14.133,45395,324560.5480369041,12.8,20.0,True,146.01760000000002
E01016729,E01016729,2455,0.096,27.932,57046,301272.52747024474,12.8,20.0,True,235.68
E01016731,E01016731,1558,0.074,18.523,66405,207714.1538419791,12.8,20.0,True,115.29199999999999
E01016732,E01016732,1380,0.0617999999999999,15.704,66405,215602.3530884298,0.0,0.0,False,85.28399999999986
E01016733,E01016733,1828,0.1118,24.301,42459,232393.4108909098,0.0,0.0,False,204.3704
E01016734,E01016734,2338,0.0817,15.561,69575,455754.0990599342,12.8,20.0,True,191.0146
E01016736,E01016736,1463,0.096,5.867,69575,252377.57934663264,0.0,0.0,False,140.448
E01016737,E01016737,1701,0.0658,15.269,50143,242153.72533310877,12.8,20.0,True,111.9258
E01016738,E01016738,1998,0.0935,29.175,50143,251870.92447101837,12.8,20.0,True,186.813
E01016739,E01016739,1537,0.0794,11.803,50143,204528.1402362951,0.0,0.0,False,122.0378
E01016740,E01016740,1511,0.0848,13.732,50143,225711.987105447,0.0,0.0,False,128.1328
E01016741,E01016741,1518,0.1061,31.975,50143,193900.6350980612,0.0,0.0,False,161.0598
E01016742,E01016742,1867,0.1496,63.521,55692,195371.56707026475,12.8,20.0,True,279.3032
E01016744,E01016744,1751,0.1309,44.516,55692,204213.31794233597,12.8,20.0,True,229.20589999999999
E01016745,E01016745,1656,0.0947,16.506,49548,228502.23148252125,12.8,20.0,True,156.8232
E01016746,E01016746,1810,0.1231,30.166,55692,283702.45969758206,12.8,20.0,True,222.811
E01016748,E01016748,2081,0.0476999999999999,10.032,74870,342096.91659617727,12.8,20.0,True,99.2636999999998
E01016750,E01016750,1576,0.0436,6.138,74870,246068.84137660003,0.0,0.0,False,68.7136
E01016751,E01016751,1585,0.049,9.798,74870,234708.668196846,0.0,0.0,False,77.665
E01016752,E01016752,1672,0.047,12.225,82345,231347.74693589803,0.0,0.0,False,78.584
E01016753,E01016753,2249,0.0495,15.104,82345,351229.64159265696,0.0,0.0,False,111.3255
E01016754,E01016754,1676,0.0581,14.471,58540,272058.0242090226,12.8,20.0,True,97.37559999999999
E01016755,E01016755,1838,0.0549,11.097,82345,309097.45878496376,0.0,0.0,False,100.9062
E01016756,E01016756,2167,0.0544,20.406,58540,377975.99299161613,12.8,20.0,True,117.8848
E01016757,E01016757,1510,0.0487,12.156,58540,201796.04316191343,0.0,0.0,False,73.537
E01016758,E01016758,1636,0.0426,8.616,58540,261462.02773473563,0.0,0.0,False,69.6936
E01016759,E01016759,1871,0.0929,10.979,65600,380662.1651838961,0.0,0.0,False,173.8159
E01016761,E01016761,1774,0.1123,4.366,65600,337602.5059834818,12.8,20.0,True,199.2202
E01016762,E01016762,1349,0.0779,22.024,57173,206840.07579971087,0.0,0.0,False,105.08709999999999
E01016763,E01016763,1290,0.048,12.757,53891,213897.4218797566,12.8,20.0,True,61.92
E01016764,E01016764,1413,0.0493,12.249,57173,218991.357417596,12.8,20.0,True,69.6609
E01016765,E01016765,1593,0.0742,24.466,50459,261316.3128409061,0.0,0.0,False,118.20060000000001
E01016766,E01016766,1370,0.063,18.702,57173,171913.51763230775,0.64,1.0,True,86.31
E01016767,E01016767,1275,0.0353,4.526,57173,213073.25084462416,0.0,0.0,False,45.0075
E01016768,E01016768,2799,0.055,18.387,57046,572020.2829272402,0.0,0.0,False,153.945
E01016769,E01016769,1308,0.0407,8.966,53891,247439.92920440657,0.0,0.0,False,53.2356
E01016770,E01016770,1501,0.0444,12.253,53891,226186.09119632203,0.0,0.0,False,66.6444
E01016771,E01016771,1419,0.0765,18.964,57173,171632.6042480725,0.0,0.0,False,108.5535
E01016772,E01016772,1420,0.069,23.052,50459,175914.7139643686,0.0,0.0,False,97.98
E01016773,E01016773,1934,0.0365,9.241,53891,269798.09400217084,0.0,0.0,False,70.591
E01016774,E01016774,1781,0.048,7.274,70064,343287.7816484519,0.0,0.0,False,85.488
E01016775,E01016775,1739,0.0644,11.582,70064,297268.3252881952,0.0,0.0,False,111.99159999999999
E01016776,E01016776,1483,0.0368,5.189,63704,196456.65689110957,0.0,0.0,False,54.5744
E01016777,E01016777,1625,0.0504,13.368,70064,204936.32184731885,0.0,0.0,False,81.9
E01016778,E01016778,1629,0.0557,11.568,70064,253593.64004042215,0.0,0.0,False,90.7353
E01016780,E01016780,1852,0.049,8.624,77951,269438.2430072113,0.0,0.0,False,90.748
E01016781,E01016781,1345,0.0324,4.945,77951,307964.4362227711,0.0,0.0,False,43.577999999999996
E01016783,E01016783,1979,0.0516999999999999,10.428,66412,235925.1128702249,0.0,0.0,False,102.3142999999998
E01016784,E01016784,1817,0.0833,26.221,66405,327926.07227462076,0.0,0.0,False,151.3561
E01016786,E01016786,1519,0.089,9.222,58655,234497.38857137505,0.0,0.0,False,135.191
E01016787,E01016787,1752,0.091,20.128,58655,247752.39086383712,0.0,0.0,False,159.432
E01016788,E01016788,1571,0.0538,7.999,58655,244936.3828960502,0.0,0.0,False,84.5198
E01016789,E01016789,1236,0.0512,12.262,58655,204244.80083277175,0.0,0.0,False,63.2832
E01016790,E01016790,1443,0.0657,7.921,58655,242153.0227268758,0.0,0.0,False,94.8051
E01016791,E01016791,1420,0.0473,7.386,64725,252549.4690951169,0.0,0.0,False,67.166
E01016792,E01016792,1246,0.0409,5.609,64725,187722.91474598905,0.0,0.0,False,50.9614
E01016793,E01016793,2140,0.0675,7.418,64725,292050.8916148913,0.0,0.0,False,144.45000000000002
E01016794,E01016794,1710,0.0868999999999999,7.281,64725,332431.0706327815,0.0,0.0,False,148.59899999999982
E01016795,E01016795,1529,0.0988,9.333,64725,244726.62337437936,0.0,0.0,False,151.0652
E01016796,E01016796,1730,0.1079,4.332,70722,288867.1469727029,0.0,0.0,False,186.667
E01016797,E01016797,1768,0.1008,8.888,70722,401991.1255751429,0.0,0.0,False,178.2144
E01016798,E01016798,1964,0.0486,2.795,70722,349978.8214680486,0.0,0.0,False,95.4504
E01016799,E01016799,2387,0.0926999999999999,9.995,70722,520472.087512164,0.0,0.0,False,221.27489999999975
E01016800,E01016800,1996,0.1258,7.833,70722,417705.9552523893,0.0,0.0,False,251.0968
E01016801,E01016801,1336,0.1374,9.062,65600,296442.56767347833,0.0,0.0,False,183.5664
E01016802,E01016802,1444,0.115,15.036,65600,455587.0129120193,0.0,0.0,False,166.06
E01016803,E01016803,1395,0.1314,19.776,65600,452778.6585354444,0.0,0.0,False,183.303
E01016804,E01016804,2009,0.0888,28.053,50459,391093.4924507821,0.0,0.0,False,178.3992
E01016805,E01016805,1289,0.0389,9.516,60538,205152.04759333987,0.0,0.0,False,50.1421
E01016806,E01016806,1982,0.1301,37.746,49056,256972.3835778623,0.0,0.0,False,257.8582
E01016807,E01016807,1860,0.1018,18.329,49056,243329.41579022876,0.0,0.0,False,189.348
E01016808,E01016808,1411,0.0642,8.112,60538,197276.0382663372,0.0,0.0,False,90.58619999999999
E01016809,E01016809,1363,0.0933,20.25,49056,192891.28916086516,0.0,0.0,False,127.16789999999999
E01016810,E01016810,1501,0.1057,43.756,45500,184259.62794433208,0.0,0.0,False,158.6557
E01016811,E01016811,1515,0.1518,47.948,45500,189349.80953102777,0.0,0.0,False,229.97699999999998
E01016812,E01016812,1553,0.0808,17.216,59138,226454.4686322581,0.0,0.0,False,125.4824
E01016813,E01016813,1388,0.0596999999999999,16.177,63704,390561.44942236174,0.0,0.0,False,82.86359999999986
E01016815,E01016815,1289,0.046,10.283,63704,161364.5914739128,0.0,0.0,False,59.294
E01016816,E01016816,1587,0.0378,5.184,63704,245328.09800758553,0.0,0.0,False,59.9886
E01016817,E01016817,1494,0.1141,16.06,59138,210205.75397671983,0.0,0.0,False,170.4654
E01016818,E01016818,1827,0.1042,10.882,59138,362025.24301781575,0.0,0.0,False,190.3734
E01016819,E01016819,1329,0.1408,33.543,45500,148253.4077638047,0.0,0.0,False,187.1232
E01016820,E01016820,1936,0.0455999999999999,13.468,66412,359320.90688549535,0.0,0.0,False,88.2815999999998
E01016821,E01016821,1580,0.0467999999999999,13.637,66412,192156.61526623744,0.0,0.0,False,73.94399999999983
E01016822,E01016822,1826,0.0556,21.631,65264,343620.9038082942,0.0,0.0,False,101.5256
E01016823,E01016823,1709,0.0624,12.233,66412,379474.03489657387,0.0,0.0,False,106.6416
E01016824,E01016824,1578,0.045,14.933,65264,300284.9831405795,0.0,0.0,False,71.00999999999999
E01016825,E01016825,1459,0.0579,13.61,65264,273946.85609015124,0.0,0.0,False,84.4761
E01016826,E01016826,1317,0.0355,2.833,69575,246455.0628471442,0.0,0.0,False,46.753499999999995
E01016827,E01016827,1679,0.0434,14.619,65264,241797.5543272952,0.0,0.0,False,72.8686
E01016828,E01016828,1667,0.0385999999999999,8.114,65264,275414.91095453745,0.0,0.0,False,64.34619999999983
E01016829,E01016829,1609,0.1036,23.355,56546,211202.9633605307,0.0,0.0,False,166.6924
E01016830,E01016830,1215,0.0399,10.051,56282,177206.64851598174,0.0,0.0,False,48.4785
E01016831,E01016831,1506,0.0785,14.08,56546,245139.7389493973,0.0,0.0,False,118.221
E01016832,E01016832,1267,0.0901,18.58,56546,172988.43523903974,0.0,0.0,False,114.1567
E01016833,E01016833,1235,0.0511,6.92,56546,240755.30186952613,0.0,0.0,False,63.1085
E01016834,E01016834,1674,0.1047,29.165,56546,230148.59508383847,0.0,0.0,False,175.2678
E01016835,E01016835,1834,0.1124,34.611,49056,281996.21152281854,0.0,0.0,False,206.1416
E01016836,E01016836,1756,0.1246,12.87,56643,222473.22019986509,0.0,0.0,False,218.79760000000002
E01016837,E01016837,1890,0.1341,17.471,56643,273569.57458579727,0.0,0.0,False,253.44899999999998
E01016838,E01016838,1633,0.1332,17.566,56643,230888.96696671416,0.0,0.0,False,217.51560000000003
E01016839,E01016839,1935,0.1153,41.421,45500,238951.20048905845,0.0,0.0,False,223.1055
E01016841,E01016841,2613,0.099,18.676,56643,371727.42920191144,0.0,0.0,False,258.687
E01016842,E01016842,1550,0.1551,57.097,46118,194672.57126718565,0.0,0.0,False,240.40499999999997
E01016843,E01016843,1690,0.1515,53.152,46118,217128.4875009357,0.0,0.0,False,256.03499999999997
E01016844,E01016844,1716,0.1614,63.165,46118,277347.8690944931,0.0,0.0,False,276.9624
E01016845,E01016845,1811,0.1351,54.004,42459,257509.08201649337,0.0,0.0,False,244.6661
E01016846,E01016846,1703,0.1015,24.898,42459,188343.08258352647,0.0,0.0,False,172.8545
E01016847,E01016847,2233,0.1009999999999999,45.581,45395,289194.2321580958,0.0,0.0,False,225.53299999999976
E01016848,E01016848,1660,0.1001,40.824,42459,216377.14663772227,0.0,0.0,False,166.166
E01033497,E01033497,2163,0.0545,25.725,46118,464791.80164495856,0.0,0.0,False,117.8835
E01033498,E01033498,2006,0.075,35.867,46118,281137.95121765573,0.0,0.0,False,150.45
E01033499,E01033499,2633,0.0528,38.056,57046,466448.8603307383,0.0,0.0,False,139.0224
E01033500,E01033500,2521,0.0395,17.513,57046,643643.9990817674,0.0,0.0,False,99.5795
E01033501,E01033501,2245,0.0407,8.577,66405,270110.62974960683,0.0,0.0,False,91.3715
E01033503,E01033503,2682,0.0458,7.004,82648,399101.09815854474,0.0,0.0,False,122.8356
E01033506,E01033506,2191,0.0392,7.276,66405,319196.66940951167,0.0,0.0,False,85.88719999999999
E01033508,E01033508,2875,0.0352,6.053,83825,349552.6837213365,0.0,0.0,False,101.2
E01033511,E01033511,1953,0.0453,12.432,82648,209162.2235777376,0.0,0.0,False,88.4709
E01033514,E01033514,1740,0.034,8.952,82345,259186.3069229235,0.0,0.0,False,59.160000000000004
E01033515,E01033515,1964,0.0385,8.767,82345,307375.1694693966,0.0,0.0,False,75.614
E01033517,E01033517,1537,0.0391,5.931,82345,246243.99271215408,0.0,0.0,False,60.096700000000006
E01033519,E01033519,4215,0.0361,11.089,74870,608977.299008783,0.0,0.0,False,152.1615
E01033520,E01033520,1823,0.0384,7.629,74870,262587.9446615266,0.0,0.0,False,70.00319999999999
E01033522,E01033522,2153,0.0455,18.486,74657,292932.7798282058,0.0,0.0,False,97.9615
E01033523,E01033523,1478,0.0414,12.932,74657,201520.1287814708,0.0,0.0,False,61.1892
E01034446,E01034446,1653,0.0434,,65600,274677.6495976498,0.0,0.0,False,71.7402
E01034447,E01034447,1255,0.0975,,65600,247177.0536086782,0.0,0.0,False,122.3625
E01034448,E01034448,1703,0.0327,,65600,202912.30625732968,0.0,0.0,False,55.6881
E01034449,E01034449,2363,0.0554,,59138,362156.5404458916,0.0,0.0,False,130.9102
E01034450,E01034450,1710,0.0438,,59138,223275.0095285324,0.0,0.0,False,74.898
E01034451,E01034451,6816,0.048,,69575,1059228.9961280786,0.0,0.0,False,327.168
E01034452,E01034452,2389,0.0552,,69575,356274.2767884323,0.0,0.0,False,131.87279999999998
E01034453,E01034453,2549,0.0285,,55692,327450.0997080617,0.0,0.0,False,72.6465
E01034454,E01034454,1897,0.1447,,55692,232482.9464561967,0.0,0.0,False,274.4959
E01034455,E01034455,2239,0.0286,,55692,238799.08713289417,0.0,0.0,False,64.0354
E01034456,E01034456,1923,0.0385,,82648,288310.5852153356,0.0,0.0,False,74.0355
E01034457,E01034457,2334,0.0424,,82648,428994.4091118343,0.0,0.0,False,98.9616
E01034458,E01034458,2683,0.0264,,83825,288529.62592072744,0.0,0.0,False,70.8312
E01034459,E01034459,2045,0.0313,,83825,258585.95050278216,0.0,0.0,False,64.0085
E01034460,E01034460,2301,0.0285,,83825,279149.22480225575,0.0,0.0,False,65.5785
E01034461,E01034461,1855,0.0415,,83825,184152.52804913023,0.0,0.0,False,76.9825
E01034462,E01034462,1354,0.0798,,74657,257402.2169442572,0.0,0.0,False,108.0492
E01034463,E01034463,2422,0.0334,,74657,317406.2847662002,0.0,0.0,False,80.8948
E01034464,E01034464,2108,0.0443,,74657,450910.811717845,0.0,0.0,False,93.3844
E01034465,E01034465,1963,0.0356999999999999,,74657,214876.66348903344,0.0,0.0,False,70.0790999999998
E01034466,E01034466,3684,0.0308,,77951,435664.0144047708,0.0,0.0,False,113.4672
E01034467,E01034467,2168,0.0479,,77951,304563.5973981338,0.0,0.0,False,103.8472
E01034468,E01034468,1114,0.0361,,77951,66482.13752713524,0.0,0.0,False,40.2154
